epoch,loss,val_loss
0,0.0064989845268428326,0.004921815358102322
1,0.0047294278629124165,0.0046378555707633495
2,0.004047648515552282,0.005819643847644329
3,0.003503057174384594,0.005436298903077841
4,0.003181299427524209,0.004457530099898577
5,0.0028701729606837034,0.004740592557936907
6,0.0025561254005879164,0.004536784254014492
7,0.002428686246275902,0.0048206704668700695
8,0.0023120776750147343,0.004321069456636906
9,0.0020486372523009777,0.004730042070150375
