epoch,loss,val_loss
0,0.006732255686074495,0.005052019376307726
1,0.005111465230584145,0.004495155066251755
2,0.004208598285913467,0.005849076434969902
3,0.0038342003244906664,0.0048399558290839195
4,0.003428202122449875,0.006013701669871807
5,0.003216927172616124,0.005032828077673912
6,0.002847468014806509,0.005511005409061909
7,0.0027424870058894157,0.004592654295265675
8,0.0025309259071946144,0.004967514891177416
9,0.002269802847877145,0.004854145925492048
