epoch,loss,val_loss
0,0.007062532939016819,0.004918468650430441
1,0.005023091100156307,0.004839760717004538
2,0.004161939490586519,0.004730830900371075
3,0.0036200224421918392,0.005133079830557108
4,0.0032355282455682755,0.004710372071713209
5,0.0029571284539997578,0.004630830138921738
6,0.002850551623851061,0.0060057444497942924
7,0.0026363409124314785,0.005098825320601463
8,0.002417208394035697,0.005482290871441364
9,0.0022606453858315945,0.004681084770709276
